Workbook

Sheet Transactions
A1: Transaction_ID | B1: Student_ID | C1: Enrollment_ID | D1: Amount | E1: Payment_Date | F1: Payment_Mode
A2: T1000 | B2: S003 | C2: =INDEX([1]Enrollments!$A:$A,MATCH(Transactions[[#This Row],[Student_ID]],[1]Enrollments!$B:$B,0)) -> E1031 | D2: 7000 | E2: 45331.877 | F2: Wallet
A3: T1001 | B3: S120 | C3: =INDEX([1]Enrollments!$A:$A,MATCH(Transactions[[#This Row],[Student_ID]],[1]Enrollments!$B:$B,0)) -> E1200 | D3: 9000 | E3: 45451.571 | F3: Card
A4: T1002 | B4: S006 | C4: =INDEX([1]Enrollments!$A:$A,MATCH(Transactions[[#This Row],[Student_ID]],[1]Enrollments!$B:$B,0)) -> E1096 | D4: 5000 | E4: 45425.765 | F4: NetBanking | K4: these enrollments id were not in Enrollments Table but we have transactions done by the students , so we created enrollment ids in enrollment table manually.
A5: T1003 | B5: S005 | C5: =INDEX([1]Enrollments!$A:$A,MATCH(Transactions[[#This Row],[Student_ID]],[1]Enrollments!$B:$B,0)) -> E1074 | D5: 5000 | E5: 45394.145 | F5: UPI
A6: T1004 | B6: S005 | C6: =INDEX([1]Enrollments!$A:$A,MATCH(Transactions[[#This Row],[Student_ID]],[1]Enrollments!$B:$B,0)) -> E1074 | D6: 9000 | E6: 45405.407 | F6: NetBanking
A7: T1005 | B7: S054 | C7: =INDEX([1]Enrollments!$A:$A,MATCH(Transactions[[#This Row],[Student_ID]],[1]Enrollments!$B:$B,0)) -> E1029 | D7: 9000 | E7: 45437.683 | F7: Wallet
A8: T1006 | B8: S047 | C8: =INDEX([1]Enrollments!$A:$A,MATCH(Transactions[[#This Row],[Student_ID]],[1]Enrollments!$B:$B,0)) -> E1013 | D8: 5000 | E8: 45341.006 | F8: NetBanking
A9: T1007 | B9: S177 | C9: =INDEX([1]Enrollments!$A:$A,MATCH(Transactions[[#This Row],[Student_ID]],[1]Enrollments!$B:$B,0)) -> E1080 | D9: 7000 | E9: 45492.278 | F9: Wallet
A10: T1008 | B10: S009 | C10: =INDEX([1]Enrollments!$A:$A,MATCH(Transactions[[#This Row],[Student_ID]],[1]Enrollments!$B:$B,0)) -> E1201 | D10: 12000 | E10: 45488.034 | F10: Wallet
A11: T1009 | B11: S099 | C11: =INDEX([1]Enrollments!$A:$A,MATCH(Transactions[[#This Row],[Student_ID]],[1]Enrollments!$B:$B,0)) -> E1092 | D11: 7000 | E11: 45424.114 | F11: Card
A12: T1010 | B12: S020 | C12: =INDEX([1]Enrollments!$A:$A,MATCH(Transactions[[#This Row],[Student_ID]],[1]Enrollments!$B:$B,0)) -> E1019 | D12: 9000 | E12: 45335.31 | F12: Wallet
A13: T1011 | B13: S122 | C13: =INDEX([1]Enrollments!$A:$A,MATCH(Transactions[[#This Row],[Student_ID]],[1]Enrollments!$B:$B,0)) -> E1043 | D13: 7000 | E13: 45430.005 | F13: Card
A14: T1012 | B14: S061 | C14: =INDEX([1]Enrollments!$A:$A,MATCH(Transactions[[#This Row],[Student_ID]],[1]Enrollments!$B:$B,0)) -> E1012 | D14: 5000 | E14: 45310.223 | F14: Card
A15: T1013 | B15: S123 | C15: =INDEX([1]Enrollments!$A:$A,MATCH(Transactions[[#This Row],[Student_ID]],[1]Enrollments!$B:$B,0)) -> E1129 | D15: 9000 | E15: 45302.039 | F15: Card
A16: T1014 | B16: S163 | C16: =INDEX([1]Enrollments!$A:$A,MATCH(Transactions[[#This Row],[Student_ID]],[1]Enrollments!$B:$B,0)) -> E1202 | D16: 12000 | E16: 45346.764 | F16: UPI
... A201: T1199 | B201: S084 | C201: =INDEX([1]Enrollments!$A:$A,MATCH(Transactions[[#This Row],[Student_ID]],[1]Enrollments!$B:$B,0)) -> E1172 | D201: 5000 | E201: 45346.585 | F201: NetBanking

Sheet Refunds
A1: Refund_ID | B1: Transaction_ID | C1: Enrollment_ID | D1: Refund_Amount | E1: Refund_Date
A2: R2000 | B2: T1057 | C2: =_xlfn.XLOOKUP(Refunds[[#This Row],[Transaction_ID]],Transactions!A:A,Transactions!C:C) -> E1219 | D2: 12000 | E2: 45348.852
A3: R2001 | B3: T1177 | C3: =_xlfn.XLOOKUP(Refunds[[#This Row],[Transaction_ID]],Transactions!A:A,Transactions!C:C) -> E1123 | D3: 9000 | E3: 45372.226
A4: R2002 | B4: T1128 | C4: =_xlfn.XLOOKUP(Refunds[[#This Row],[Transaction_ID]],Transactions!A:A,Transactions!C:C) -> E1202 | D4: 7000 | E4: 45303.986
A5: R2003 | B5: T1045 | C5: =_xlfn.XLOOKUP(Refunds[[#This Row],[Transaction_ID]],Transactions!A:A,Transactions!C:C) -> E1216 | D5: 7000 | E5: 45340.652
A6: R2004 | B6: T1046 | C6: =_xlfn.XLOOKUP(Refunds[[#This Row],[Transaction_ID]],Transactions!A:A,Transactions!C:C) -> E1217 | D6: 9000 | E6: 45466.314
A7: R2005 | B7: T1052 | C7: =_xlfn.XLOOKUP(Refunds[[#This Row],[Transaction_ID]],Transactions!A:A,Transactions!C:C) -> E1046 | D7: 7000 | E7: 45368.769
A8: R2006 | B8: T1188 | C8: =_xlfn.XLOOKUP(Refunds[[#This Row],[Transaction_ID]],Transactions!A:A,Transactions!C:C) -> E1258 | D8: 9000 | E8: 45336.568
A9: R2007 | B9: T1023 | C9: =_xlfn.XLOOKUP(Refunds[[#This Row],[Transaction_ID]],Transactions!A:A,Transactions!C:C) -> E1206 | D9: 9000 | E9: 45306.902
A10: R2008 | B10: T1075 | C10: =_xlfn.XLOOKUP(Refunds[[#This Row],[Transaction_ID]],Transactions!A:A,Transactions!C:C) -> E1096 | D10: 5000 | E10: 45334.021
A11: R2009 | B11: T1073 | C11: =_xlfn.XLOOKUP(Refunds[[#This Row],[Transaction_ID]],Transactions!A:A,Transactions!C:C) -> E1154 | D11: 12000 | E11: 45444.235
A12: R2010 | B12: T1173 | C12: =_xlfn.XLOOKUP(Refunds[[#This Row],[Transaction_ID]],Transactions!A:A,Transactions!C:C) -> E1165 | D12: 7000 | E12: 45472.077
A13: R2011 | B13: T1111 | C13: =_xlfn.XLOOKUP(Refunds[[#This Row],[Transaction_ID]],Transactions!A:A,Transactions!C:C) -> E1239 | D13: 5000 | E13: 45436.822
... A51: R2049 | B51: T1026 | C51: =_xlfn.XLOOKUP(Refunds[[#This Row],[Transaction_ID]],Transactions!A:A,Transactions!C:C) -> E1209 | D51: 7000 | E51: 45386.407
